{"1397 Winterville street Deltona FL 32725":[28.93742259985,-81.236213184558],"1397 Winterville Street Deltona FL 32725":[28.93742259985,-81.236213184558],"1397 Winterville Street, Deltona FL 32725":[28.93742259985,-81.236213184558],"1580 Oldsmar Terrace Deltona FL 32725":[28.885384308634,-81.229621280071],"1580 Oldsmar Terr Deltona FL 32725":[28.885384308634,-81.229621280071],"1585 Oldsmar Terr Deltona FL 32725":[28.885301276112,-81.229519699348],"1397 Winterville Street Deltona FL 322725":[28.93742259985,-81.236213184558]}